{
  "clean": {
    "accuracy": 0.275,
    "trust": 0.7500115420432667,
    "convergence": false,
    "iterations": 10,
    "pattern_trust": 0.39338412828935826,
    "presence_trust": 1.0,
    "permanence_trust": 1.0,
    "logic_trust": 0.9949999999999999
  },
  "label_corruption": {
    "5.0%": {
      "corruption_info": {
        "strategy": "random",
        "corruption_rate": 0.05,
        "n_corrupted": 20,
        "n_total": 400,
        "corrupted_indices": [
          "209",
          "280",
          "33",
          "210",
          "93",
          "84",
          "329",
          "94",
          "266",
          "126",
          "9",
          "361",
          "56",
          "72",
          "132",
          "42",
          "278",
          "376",
          "231",
          "385"
        ],
        "n_actual_corrupted": 20,
        "actual_corruption_rate": 0.05
      },
      "performance": {
        "accuracy": 0.225,
        "trust": 0.750054811274036,
        "convergence": false,
        "iterations": 10,
        "pattern_trust": 0.39338412828935826,
        "presence_trust": 1.0,
        "permanence_trust": 1.0,
        "logic_trust": 0.9956250000000001
      },
      "degradation": {
        "accuracy_loss": 0.05000000000000002,
        "trust_loss": -4.326923076924949e-05
      }
    },
    "10.0%": {
      "corruption_info": {
        "strategy": "random",
        "corruption_rate": 0.1,
        "n_corrupted": 40,
        "n_total": 400,
        "corrupted_indices": [
          "209",
          "280",
          "33",
          "210",
          "93",
          "84",
          "329",
          "94",
          "266",
          "126",
          "9",
          "361",
          "56",
          "72",
          "132",
          "42",
          "278",
          "376",
          "231",
          "385",
          "77",
          "15",
          "391",
          "271",
          "0",
          "396",
          "114",
          "225",
          "262",
          "104",
          "395",
          "193",
          "261",
          "57",
          "232",
          "116",
          "113",
          "342",
          "158",
          "141"
        ],
        "n_actual_corrupted": 40,
        "actual_corruption_rate": 0.1
      },
      "performance": {
        "accuracy": 0.1875,
        "trust": 0.7500980805048052,
        "convergence": false,
        "iterations": 10,
        "pattern_trust": 0.39338412828935826,
        "presence_trust": 1.0,
        "permanence_trust": 1.0,
        "logic_trust": 0.9962499999999999
      },
      "degradation": {
        "accuracy_loss": 0.08750000000000002,
        "trust_loss": -8.653846153849898e-05
      }
    },
    "15.0%": {
      "corruption_info": {
        "strategy": "random",
        "corruption_rate": 0.15,
        "n_corrupted": 60,
        "n_total": 400,
        "corrupted_indices": [
          "209",
          "280",
          "33",
          "210",
          "93",
          "84",
          "329",
          "94",
          "266",
          "126",
          "9",
          "361",
          "56",
          "72",
          "132",
          "42",
          "278",
          "376",
          "231",
          "385",
          "77",
          "15",
          "391",
          "271",
          "0",
          "396",
          "114",
          "225",
          "262",
          "104",
          "395",
          "193",
          "261",
          "57",
          "232",
          "116",
          "113",
          "342",
          "158",
          "141",
          "381",
          "55",
          "76",
          "25",
          "82",
          "382",
          "148",
          "181",
          "22",
          "173",
          "46",
          "321",
          "338",
          "70",
          "374",
          "39",
          "223",
          "172",
          "30",
          "152"
        ],
        "n_actual_corrupted": 60,
        "actual_corruption_rate": 0.15
      },
      "performance": {
        "accuracy": 0.15,
        "trust": 0.7500980805048052,
        "convergence": false,
        "iterations": 10,
        "pattern_trust": 0.39338412828935826,
        "presence_trust": 1.0,
        "permanence_trust": 1.0,
        "logic_trust": 0.9962499999999999
      },
      "degradation": {
        "accuracy_loss": 0.12500000000000003,
        "trust_loss": -8.653846153849898e-05
      }
    },
    "20.0%": {
      "corruption_info": {
        "strategy": "random",
        "corruption_rate": 0.2,
        "n_corrupted": 80,
        "n_total": 400,
        "corrupted_indices": [
          "209",
          "280",
          "33",
          "210",
          "93",
          "84",
          "329",
          "94",
          "266",
          "126",
          "9",
          "361",
          "56",
          "72",
          "132",
          "42",
          "278",
          "376",
          "231",
          "385",
          "77",
          "15",
          "391",
          "271",
          "0",
          "396",
          "114",
          "225",
          "262",
          "104",
          "395",
          "193",
          "261",
          "57",
          "232",
          "116",
          "113",
          "342",
          "158",
          "141",
          "381",
          "55",
          "76",
          "25",
          "82",
          "382",
          "148",
          "181",
          "22",
          "173",
          "46",
          "321",
          "338",
          "70",
          "374",
          "39",
          "223",
          "172",
          "30",
          "152",
          "124",
          "294",
          "255",
          "78",
          "101",
          "31",
          "352",
          "268",
          "394",
          "73",
          "320",
          "140",
          "5",
          "45",
          "388",
          "246",
          "227",
          "369",
          "176",
          "289"
        ],
        "n_actual_corrupted": 80,
        "actual_corruption_rate": 0.2
      },
      "performance": {
        "accuracy": 0.1375,
        "trust": 0.7500980805048052,
        "convergence": false,
        "iterations": 10,
        "pattern_trust": 0.39338412828935826,
        "presence_trust": 1.0,
        "permanence_trust": 1.0,
        "logic_trust": 0.9962499999999999
      },
      "degradation": {
        "accuracy_loss": 0.1375,
        "trust_loss": -8.653846153849898e-05
      }
    },
    "25.0%": {
      "corruption_info": {
        "strategy": "random",
        "corruption_rate": 0.25,
        "n_corrupted": 100,
        "n_total": 400,