{
  "clean": {
    "accuracy": 0.9565217391304348,
    "trust": 0.9956504024306518,
    "convergence": true,
    "iterations": 11,
    "pattern_trust": 1.0,
    "presence_trust": 0.06754369566776938,
    "permanence_trust": 1.0,
    "logic_trust": 0.9391304347826086
  },
  "label_corruption": {
    "5.0%": {
      "corruption_info": {
        "strategy": "random",
        "corruption_rate": 0.05,
        "n_corrupted": 5,
        "n_total": 114,
        "corrupted_indices": [
          "80",
          "4",
          "40",
          "69",
          "10"
        ],
        "n_actual_corrupted": 5,
        "actual_corruption_rate": 0.043859649122807015
      },
      "performance": {
        "accuracy": 0.7391304347826086,
        "trust": 0.9956504024306518,
        "convergence": true,
        "iterations": 11,
        "pattern_trust": 1.0,
        "presence_trust": 0.06754369566776938,
        "permanence_trust": 1.0,
        "logic_trust": 0.9543478260869565
      },
      "degradation": {
        "accuracy_loss": 0.21739130434782616,
        "trust_loss": 0.0
      }
    },
    "10.0%": {
      "corruption_info": {
        "strategy": "random",
        "corruption_rate": 0.1,
        "n_corrupted": 11,
        "n_total": 114,
        "corrupted_indices": [
          "80",
          "4",
          "40",
          "69",
          "10",
          "45",
          "70",
          "66",
          "47",
          "11",
          "98"
        ],
        "n_actual_corrupted": 11,
        "actual_corruption_rate": 0.09649122807017543
      },
      "performance": {
        "accuracy": 0.4782608695652174,
        "trust": 0.9956504024306518,
        "convergence": true,
        "iterations": 11,
        "pattern_trust": 1.0,
        "presence_trust": 0.06754369566776938,
        "permanence_trust": 1.0,
        "logic_trust": 0.9665217391304348
      },
      "degradation": {
        "accuracy_loss": 0.4782608695652174,
        "trust_loss": 0.0
      }
    },
    "15.0%": {
      "corruption_info": {
        "strategy": "random",
        "corruption_rate": 0.15,
        "n_corrupted": 17,
        "n_total": 114,
        "corrupted_indices": [
          "80",
          "4",
          "40",
          "69",
          "10",
          "45",
          "70",
          "66",
          "47",
          "11",
          "98",
          "36",
          "83",
          "112",
          "18",
          "0",
          "72"
        ],
        "n_actual_corrupted": 17,
        "actual_corruption_rate": 0.14912280701754385
      },
      "performance": {
        "accuracy": 0.21739130434782608,
        "trust": 0.9956504024306518,
        "convergence": true,
        "iterations": 11,
        "pattern_trust": 1.0,
        "presence_trust": 0.06754369566776938,
        "permanence_trust": 1.0,
        "logic_trust": 0.9847826086956522
      },
      "degradation": {
        "accuracy_loss": 0.7391304347826088,
        "trust_loss": 0.0
      }
    },
    "20.0%": {
      "corruption_info": {
        "strategy": "random",
        "corruption_rate": 0.2,
        "n_corrupted": 22,
        "n_total": 114,
        "corrupted_indices": [
          "80",
          "4",
          "40",
          "69",
          "10",
          "45",
          "70",
          "66",
          "47",
          "11",
          "98",
          "36",
          "83",
          "112",
          "18",
          "0",
          "72",
          "26",
          "81",
          "53",
          "103",
          "91"
        ],
        "n_actual_corrupted": 22,
        "actual_corruption_rate": 0.19298245614035087
      },
      "performance": {
        "accuracy": 0.08695652173913043,
        "trust": 0.9956504024306518,
        "convergence": true,
        "iterations": 11,
        "pattern_trust": 1.0,
        "presence_trust": 0.06754369566776938,
        "permanence_trust": 1.0,
        "logic_trust": 0.9908695652173912
      },
      "degradation": {
        "accuracy_loss": 0.8695652173913044,
        "trust_loss": 0.0
      }
    },
    "25.0%": {
      "corruption_info": {
        "strategy": "random",
        "corruption_rate": 0.25,
        "n_corrupted": 28,
        "n_total": 114,
        "corrupted_indices": [
          "80",
          "4",
          "40",
          "69",
          "10",
          "45",
          "70",
          "66",
          "47",
          "11",
          "98",
          "36",
          "83",
          "112",
          "18",
          "0",
          "72",
          "26",
          "81",
          "53",
          "103",
          "91",
          "12",
          "31",
          "67",
          "111",
          "108",
          "22"
        ],
        "n_actual_corrupted": 28,
        "actual_corruption_rate": 0.24561403508771928
      },
      "performance": {
        "accuracy": 0.08695652173913043,
        "trust": 0.996519660530326,
        "convergence": true,
        "iterations": 11,
        "pattern_trust": 0.9999999517870828,
        "presence_trust": 0.06754369566776938,
        "permanence_trust": 1.0,
        "logic_trust": 0.9939130434782608
      },
      "degradation": {
        "accuracy_loss": 0.8695652173913044,
        "trust_loss": -0.0008692580996741972
      }
    }
  },
  "feature_corruption": {
    "5.0%": {
      "corruption_info": {
        "strategy": "noise",
        "corruption_rate": 0.05,
        "n_corrupted_features": 1,
        "corrupted_feature_indices": [
          27
        ]
      },
      "performance": {
        "accuracy": 0.9565217391304348,
        "trust": 0.9956504024306518,
        "convergence": true,
        "iterations": 11,
        "pattern_trust": 1.0,
        "presence_trust": 0.07741703934442082,
        "permanence_trust": 1.0,
        "logic_trust": 0.9391304347826086
      },
      "degradation": {
        "accuracy_loss": 0.0,
        "trust_loss": 0.0
      }
    },
    "10.0%": {
      "corruption_info": {
        "strategy": "noise",
        "corruption_rate": 0.1,
        "n_corrupted_features": 3,
        "corrupted_feature_indices": [
          27,
          15,
          23
        ]
      },
      "performance": {
        "accuracy": 0.9565217391304348,
        "trust": 0.9956504024306518,
        "convergence": true,
        "iterations": 11,
        "pattern_trust": 1.0,
        "presence_trust": 0.11997636247048851,
        "permanence_trust": 1.0,
        "logic_trust": 0.9391304347826086
      },
      "degradation": {
        "accuracy_loss": 0.0,
        "trust_loss": 0.0
      }
    },
    "15.0%": {
      "corruption_info": {
        "strategy": "noise",
        "corruption_rate": 0.15,
        "n_corrupted_features": 4,
        "corrupted_feature_indices": [
          27,
          15,
          23,
          17
        ]
      },
      "performance": {
        "accuracy": 0.9565217391304348,
        "trust": 0.9956504024306518,
        "convergence": true,
        "iterations": 11,
        "pattern_trust": 1.0,
        "presence_trust": 0.11292488496672665,
        "permanence_trust": 1.0,
        "logic_trust": 0.9391304347826086
      },
      "degradation": {
        "accuracy_loss": 0.0,
        "trust_loss": 0.0
      }
    }
  }
}